	{

		"metadata": {
			"formatVersion" : 3.1,
			"generatedBy"   : "Blender 2.7 Exporter",
			"vertices"      : 43,
			"faces"         : 57,
			"normals"       : 30,
			"colors"        : 0,
			"uvs"           : [],
			"materials"     : 14,
			"morphTargets"  : 0,
			"bones"         : 0
		},

			"scale" : 1.000000,
			
			"vertices" : [-0.052706,-0.209935,0.286521,0.363903,2.42159,-0.130088,0.588223,-0.0334755,-1.71348,0.363903,2.42159,-1.29687,1.94729,0.408744,-0.332158,1.53068,2.42159,-0.130088,1.94729,0.408744,-1.0948,1.53068,2.42159,-1.29687,-0.052706,1.79007,0.286521,0.588223,1.04616,-1.71348,1.94729,1.17139,-1.0948,1.94729,1.17139,-0.332158,-0.148944,1.82822,0.382759,-0.148944,1.82822,-1.80972,2.04353,1.82822,-1.80972,2.04353,1.82822,0.382759,0.947294,1.82822,-1.80972,0.947294,2.42159,-1.29687,0.10748,2.12491,-1.55329,1.78711,2.12491,-1.55329,1.05021,2.51681,-1.57178,1.23899,2.42159,-1.29687,1.6589,2.27325,-1.42508,1.04677,2.52281,-1.4066,1.20622,2.51664,-1.56946,1.2074,2.52298,-1.40891,0.947294,2.27325,-1.42508,0.947294,2.12491,-1.55329,1.3672,2.12491,-1.55329,1.3031,2.27325,-1.42508,1.30637,1.04616,-1.71348,1.30637,-0.0334755,-1.71348,1.94729,-0.209935,0.286521,1.94729,1.79007,0.286521,1.94729,0.790065,-1.0948,1.94729,0.408744,-0.713479,1.94729,1.17139,-0.713479,1.94729,0.790065,-0.332158,1.94729,0.790065,-0.713479,-0.052706,1.79007,-1.71348,-0.052706,-0.209935,-1.71348,1.94729,-0.209935,-1.71348,1.94729,1.79007,-1.71348],
			"faces"    : [35,0,8,39,40,5,0,1,2,3,35,2,9,30,31,1,4,4,4,4,35,38,36,11,37,6,5,5,5,5,35,8,0,32,33,4,1,0,6,7,35,32,0,40,41,0,6,0,3,8,34,5,7,21,7,9,10,11,34,17,3,1,7,11,12,13,34,5,21,17,7,9,11,11,34,17,1,5,7,11,13,9,35,12,13,39,8,0,14,15,2,1,34,39,13,16,0,2,15,16,34,16,14,42,0,16,17,18,34,16,42,39,0,16,18,2,35,14,15,33,42,0,17,19,7,18,35,15,12,8,33,0,19,14,1,7,34,12,1,3,6,14,13,12,34,3,18,13,6,12,20,15,34,3,13,12,6,12,15,14,34,16,27,28,12,16,21,22,34,28,19,14,12,22,23,17,34,28,14,16,12,22,17,16,34,22,7,5,9,23,10,9,34,5,15,14,9,9,19,17,34,19,22,5,9,23,23,9,34,5,14,19,9,9,17,23,35,5,1,12,15,8,9,13,14,19,35,18,27,16,13,10,20,21,16,15,34,18,3,17,11,20,12,11,34,26,27,18,11,24,21,20,34,17,26,18,11,11,24,20,35,29,22,19,28,1,25,23,23,22,35,23,25,24,20,4,26,27,28,29,35,17,21,29,26,0,11,11,25,24,35,21,7,22,29,1,11,10,23,25,35,23,20,27,26,6,26,29,21,24,35,20,24,28,27,10,29,28,22,21,35,24,25,29,28,7,28,27,25,22,35,25,23,26,29,0,27,26,24,25,34,42,10,34,3,18,5,5,34,34,6,41,3,5,5,8,34,34,41,42,3,5,8,18,34,41,6,35,3,8,5,5,34,35,4,32,3,5,5,6,34,35,32,41,3,5,6,8,34,33,11,36,3,7,5,5,34,36,10,42,3,5,5,18,34,36,42,33,3,5,18,7,34,32,4,37,3,6,5,5,34,37,11,33,3,5,5,7,34,37,33,32,3,5,7,6,35,35,38,37,4,5,5,5,5,5,35,6,34,38,35,2,5,5,5,5,35,34,10,36,38,1,5,5,5,5,35,9,2,40,39,2,4,4,3,2,35,2,31,41,40,2,4,4,8,3,35,30,9,39,42,2,4,4,2,18,35,31,30,42,41,2,4,4,18,8],
			"uvs"      : [],
			"normals"  : [-0.577349,-0.577349,0.577349,-0.440168,-0.782617,0.440168,-0.440168,-0.782617,-0.440168,-0.577349,-0.577349,-0.577349,0,0,-1,1,0,0,0.577349,-0.577349,0.577349,0.440168,-0.782617,0.440168,0.577349,-0.577349,-0.577349,0.328623,0.885433,0.328623,0.328623,0.885433,-0.328623,0,0.90936,-0.415967,-0.328623,0.885433,-0.328623,-0.328623,0.885433,0.328623,-0.698721,-0.153294,0.698721,-0.698721,-0.153294,-0.698721,0,-0.237983,-0.971252,0.698721,-0.153294,-0.698721,0.440168,-0.782617,-0.440168,0.698721,-0.153294,0.698721,-0.447737,0.773949,-0.447737,-0.12302,0.541093,-0.831904,0.108249,0.571398,-0.813471,0.447737,0.773949,-0.447737,-0.438459,0.719626,-0.538347,0.481185,0.762596,-0.432295,-0.488601,0.65096,0.58092,0.450148,0.6498,0.612415,0.449995,0.642476,-0.620228,-0.448134,0.602771,-0.660146],
			
			"skinIndices"  : [],
			"skinWeights"  : [],
			"morphTargets" : [],
			
			"bones"      : [],
			"animations" : [],
			
			"colors"    : [],
			"materials" : [
				{
					"DbgColor": 15658734,
					"DbgIndex": 0,
					"DbgName": "Material.001",
					"blending": "NormalBlending",
					"colorAmbient": [0.5565311037977203, 0.640000066757203, 0.5767620172614158],
					"colorDiffuse": [0.5565311037977203, 0.640000066757203, 0.5767620172614158],
					"colorEmissive": [0.0, 0.0, 0.0],
					"colorSpecular": [0.5, 0.5, 0.5],
					"depthTest": true,
					"depthWrite": true,
					"shading": "Lambert",
					"specularCoef": 50,
					"transparency": 1.0,
					"transparent": false,
					"vertexColors": false
				},
				{
					"DbgColor": 15597568,
					"DbgIndex": 1,
					"DbgName": "door.002",
					"blending": "NormalBlending",
					"colorAmbient": [0.018966885193688943, 0.037574694120506846, 0.640000066757203],
					"colorDiffuse": [0.018966885193688943, 0.037574694120506846, 0.640000066757203],
					"colorEmissive": [0.0, 0.0, 0.0],
					"colorSpecular": [0.5, 0.5, 0.5],
					"depthTest": true,
					"depthWrite": true,
					"shading": "Lambert",
					"specularCoef": 50,
					"transparency": 1.0,
					"transparent": false,
					"vertexColors": false
				},
				{
					"DbgColor": 60928,
					"DbgIndex": 2,
					"DbgName": "Material.002",
					"blending": "NormalBlending",
					"colorAmbient": [0.044683597157651134, 0.640000066757203, 0.03769249376196404],
					"colorDiffuse": [0.044683597157651134, 0.640000066757203, 0.03769249376196404],
					"colorEmissive": [0.0, 0.0, 0.0],
					"colorSpecular": [0.5, 0.5, 0.5],
					"depthTest": true,
					"depthWrite": true,
					"shading": "Lambert",
					"specularCoef": 50,
					"transparency": 1.0,
					"transparent": false,
					"vertexColors": false
				},
				{
					"DbgColor": 15597806,
					"DbgIndex": 6,
					"DbgName": "Material.006",
					"blending": "NormalBlending",
					"colorAmbient": [0.640000066757203, 0.248086718441348, 0.0643171677636678],
					"colorDiffuse": [0.640000066757203, 0.248086718441348, 0.0643171677636678],
					"colorEmissive": [0.0, 0.0, 0.0],
					"colorSpecular": [0.5, 0.5, 0.5],
					"depthTest": true,
					"depthWrite": true,
					"shading": "Lambert",
					"specularCoef": 50,
					"transparency": 1.0,
					"transparent": false,
					"vertexColors": false
				},
				{
					"DbgColor": 3668136,
					"DbgIndex": 7,
					"DbgName": "Material.003",
					"blending": "NormalBlending",
					"colorAmbient": [0.640000066757203, 0.17030419365024851, 0.5632728660594353],
					"colorDiffuse": [0.640000066757203, 0.17030419365024851, 0.5632728660594353],
					"colorEmissive": [0.0, 0.0, 0.0],
					"colorSpecular": [0.5, 0.5, 0.5],
					"depthTest": true,
					"depthWrite": true,
					"shading": "Lambert",
					"specularCoef": 50,
					"transparency": 1.0,
					"transparent": false,
					"vertexColors": false
				},
				{
					"DbgColor": 8478454,
					"DbgIndex": 8,
					"DbgName": "Material.004",
					"blending": "NormalBlending",
					"colorAmbient": [0.640000066757203, 0.6350206469747519, 0.04526974924310667],
					"colorDiffuse": [0.640000066757203, 0.6350206469747519, 0.04526974924310667],
					"colorEmissive": [0.0, 0.0, 0.0],
					"colorSpecular": [0.5, 0.5, 0.5],
					"depthTest": true,
					"depthWrite": true,
					"shading": "Lambert",
					"specularCoef": 50,
					"transparency": 1.0,
					"transparent": false,
					"vertexColors": false
				},
				{
					"DbgColor": 445199,
					"DbgIndex": 9,
					"DbgName": "Material.005",
					"blending": "NormalBlending",
					"colorAmbient": [0.007622368002271174, 0.29820168462696195, 0.640000066757203],
					"colorDiffuse": [0.007622368002271174, 0.29820168462696195, 0.640000066757203],
					"colorEmissive": [0.0, 0.0, 0.0],
					"colorSpecular": [0.5, 0.5, 0.5],
					"depthTest": true,
					"depthWrite": true,
					"shading": "Lambert",
					"specularCoef": 50,
					"transparency": 1.0,
					"transparent": false,
					"vertexColors": false
				},
				{
					"DbgColor": 3335942,
					"DbgIndex": 10,
					"DbgName": "Material.007",
					"blending": "NormalBlending",
					"colorAmbient": [0.0, 0.12924111082019074, 0.640000066757203],
					"colorDiffuse": [0.0, 0.12924111082019074, 0.640000066757203],
					"colorEmissive": [0.0, 0.0, 0.0],