	{

		"metadata": {
			"formatVersion" : 3.1,
			"generatedBy"   : "Blender 2.7 Exporter",
			"vertices"      : 16,
			"faces"         : 14,
			"normals"       : 16,
			"colors"        : 0,
			"uvs"           : [],
			"materials"     : 1,
			"morphTargets"  : 0,
			"bones"         : 0
		},

			"scale" : 1.000000,
			
			"vertices" : [-0.052706,-0.209935,0.286521,0.363903,2.42159,-0.130088,-0.052706,-0.209935,-1.71348,0.363903,2.42159,-1.29687,1.94729,-0.209935,0.286521,1.53068,2.42159,-0.130088,1.94729,-0.209935,-1.71348,1.53068,2.42159,-1.29687,-0.052706,1.79007,0.286521,-0.052706,1.79007,-1.71348,1.94729,1.79007,-1.71348,1.94729,1.79007,0.286521,-0.148944,1.82822,0.382759,-0.148944,1.82822,-1.80972,2.04353,1.82822,-1.80972,2.04353,1.82822,0.382759],
			"faces"    : [35,0,8,9,2,0,0,1,2,3,35,2,9,10,6,0,3,2,4,5,35,6,10,11,4,0,5,4,6,7,35,8,0,4,11,0,1,0,7,6,35,4,0,2,6,0,7,0,3,5,35,7,3,1,5,0,8,9,10,11,35,12,13,9,8,0,12,13,2,1,35,13,14,10,9,0,13,14,4,2,35,14,15,11,10,0,14,15,6,4,35,15,12,8,11,0,15,12,1,6,35,1,3,13,12,0,10,9,13,12,35,3,7,14,13,0,9,8,14,13,35,7,5,15,14,0,8,11,15,14,35,5,1,12,15,0,11,10,12,15],
			"uvs"      : [],
			"normals"  : [-0.577349,-0.577349,0.577349,-0.440168,-0.782617,0.440168,-0.440168,-0.782617,-0.440168,-0.577349,-0.577349,-0.577349,0.440168,-0.782617,-0.440168,0.577349,-0.577349,-0.577349,0.440168,-0.782617,0.440168,0.577349,-0.577349,0.577349,0.328623,0.885433,-0.328623,-0.328623,0.885433,-0.328623,-0.328623,0.885433,0.328623,0.328623,0.885433,0.328623,-0.698721,-0.153294,0.698721,-0.698721,-0.153294,-0.698721,0.698721,-0.153294,-0.698721,0.698721,-0.153294,0.698721],
			
			"skinIndices"  : [],
			"skinWeights"  : [],
			"morphTargets" : [],
			
			"bones"      : [],
			"animations" : [],
			
			"colors"    : [],
			"materials" : [
				{
					"DbgColor": 15658734,
					"DbgIndex": 0,
					"DbgName": "default",
					"vertexColors": false
				}
			]


	}
